#SampleID,BarcodeSequence,LinkerPrimerSequence,sample_number_Demetra,well_location,plate_number,report_folder_name,field_sample_number,date_collected,site,plant_community,oiled_unoiled,month,season,genotype,zone,Total C1-C3 Chrysenes,Total C1-C4 naphthalenes,Total C1-C4 phenanthrenes,Total C1-C3 dibenzothiophenes,Total relevant PAHs,naphthalene weathering ratio,phenanthrene weathering ratio,dibenzothiophene weathering ratio,Latitude,Longitude,Position,Description
S2.1,NNNNNNNN,AAAAAAAA,A,A1,1,1-Final Library-674493-12886878,ML1-10,7/10/2013,F,SALT,O,July,SUMMER,NA,ML1,0.022727273,0.03030303,0.03030303,0.022727273,0.106060606,0.571428571,0.571428571,0.5,29.133361,-90.145345,0,Soil
S2.2,NNNNNNNN,AAAAAAAA,B,A2,1,2-Final Library-674493-12883876,ML2-3,7/10/2013,F,SALT,O,July,SUMMER,NA,ML2,0.075,0.095,0.1,0.06,0.33,0.558823529,0.571428571,0.444444444,29.13343,-90.145595,30,Soil
S2.3,NNNNNNNN,AAAAAAAA,C,A3,1,3-A3-14824846,ML1-4,7/10/2013,F,SALT,O,July,SUMMER,NA,ML1,0.075,0.105,0.1,0.06,0.34,0.583333333,0.571428571,0.444444444,29.133391,-90.14534,30,Soil
S2.4,NNNNNNNN,AAAAAAAA,D,A4,1,4-A4-14823874,ML2-7,7/10/2013,F,SALT,O,July,SUMMER,NA,ML2,NA,NA,NA,NA,NA,NA,NA,NA,29.133371,-90.145493,10,Soil
S2.5,NNNNNNNN,AAAAAAAA,E,A5,1,5-A5-14823881,ML1-5,7/10/2013,F,SALT,O,July,SUMMER,NA,ML1,0.075,0.105,0.1,0.05,0.33,0.583333333,0.571428571,0.4,29.133392,-90.145346,20,Soil
S2.6,NNNNNNNN,AAAAAAAA,F,A6,1,6-A6-14821855,ML2-8,7/10/2013,F,SALT,O,July,SUMMER,NA,ML2,0.075,0.07,0.095,0.05,0.29,0.482758621,0.558823529,0.4,29.133371,-90.145493,10,Soil
S2.7,NNNNNNNN,AAAAAAAA,G,A7,1,7-A7-14823887,MM-2,7/10/2013,F,SALT,O,July,SUMMER,NA,MM,0.075,0.095,0.085,0.07,0.325,0.558823529,0.53125,0.482758621,29.133351,-90.145388,10,Soil
S2.8,NNNNNNNN,AAAAAAAA,H,A8,1,8-A8-14823890,ML1-3,7/10/2013,F,SALT,O,July,SUMMER,NA,ML1,NA,NA,NA,NA,NA,NA,NA,NA,29.133391,-90.14534,30,Soil
S2.9,NNNNNNNN,AAAAAAAA,I,A9,1,9-A9-14823895,ML2-9,7/10/2013,F,SALT,O,July,SUMMER,NA,ML2,NA,NA,NA,NA,NA,NA,NA,NA,29.133371,-90.145493,10,Soil
S2.10,NNNNNNNN,AAAAAAAA,J,A10,1,10-A10-14828838,ML1-7,7/10/2013,F,SALT,O,July,SUMMER,NA,ML1,0.075,0.095,0.1,0.06,0.33,0.558823529,0.571428571,0.444444444,29.133364,-90.145339,10,Soil
S2.11,NNNNNNNN,AAAAAAAA,K,A11,1,11-A11-14821835,ML2-6,7/10/2013,F,SALT,O,July,SUMMER,NA,ML2,0.075,0.105,0.1,0.06,0.34,0.583333333,0.571428571,0.444444444,29.133379,-90.145524,20,Soil
S2.12,NNNNNNNN,AAAAAAAA,L,A12,1,12-A12-14823842,ML2-2,7/10/2013,F,SALT,O,July,SUMMER,NA,ML2,0.075,0.105,0.1,0.05,0.33,0.583333333,0.571428571,0.4,29.13343,-90.145595,40,Soil
S2.13,NNNNNNNN,AAAAAAAA,M,B1,1,13-B1-14823852,MM-4,7/10/2013,F,SALT,O,July,SUMMER,NA,MM,3.63,0.16,1.035,0.27,5.095,0.042216359,0.221864952,0.069230769,29.133354,-90.145454,30,Soil
S2.14,NNNNNNNN,AAAAAAAA,N,B2,1,14-B2-14823861,ML2-1,7/10/2013,F,SALT,O,July,SUMMER,NA,ML2,0.075,0.08,0.1,0.05,0.305,0.516129032,0.571428571,0.4,29.13343,-90.145595,40,Soil
S2.15,NNNNNNNN,AAAAAAAA,O,B3,1,15-B3-14823866,ML1-2,7/10/2013,F,SALT,O,July,SUMMER,NA,ML1,0.075,0.095,0.225,0.06,0.455,0.558823529,0.75,0.444444444,29.133472,-90.145354,40,Soil
S2.16,NNNNNNNN,AAAAAAAA,P,B4,1,16-B4-14798810,ML1-8,7/10/2013,F,SALT,O,July,SUMMER,NA,ML1,NA,NA,NA,NA,NA,NA,NA,NA,29.133364,-90.145339,10,Soil
S2.17,NNNNNNNN,AAAAAAAA,Q,B5,1,17-B5-14824840,MM-3,7/10/2013,F,SALT,O,July,SUMMER,NA,MM,1.09,0.105,1.09,0.675,2.96,0.087866109,0.5,0.382436261,29.133358,-90.145421,20,Soil
S2.18,NNNNNNNN,AAAAAAAA,R,B6,1,18-B6-14821849,ML2-5,7/10/2013,F,SALT,O,July,SUMMER,NA,ML2,0.075,0.085,0.1,0.05,0.31,0.53125,0.571428571,0.4,29.133379,-90.145524,20,Soil
S2.19,NNNNNNNN,AAAAAAAA,S,B7,1,19-B7-14828848,MM-1,7/10/2013,F,SALT,O,July,SUMMER,NA,MM,0.18,0.095,0.1,0.06,0.435,0.345454545,0.357142857,0.25,29.133341,-90.145361,0,Soil
S2.20,NNNNNNNN,AAAAAAAA,T,B8,1,20-B8-14828849,ML2-10,7/10/2013,F,SALT,O,July,SUMMER,NA,ML2,NA,NA,NA,NA,NA,NA,NA,NA,29.133364,-90.145498,0,Soil
S2.21,NNNNNNNN,AAAAAAAA,U,B9,1,21-B9-14828850,ML2-4,7/10/2013,F,SALT,O,July,SUMMER,NA,ML2,0.075,0.095,0.125,0.06,0.355,0.558823529,0.625,0.444444444,29.133382,-90.145518,30,Soil
S2.22,NNNNNNNN,AAAAAAAA,V,B10,1,22-B10-14828851,ML1-6,7/10/2013,F,SALT,O,July,SUMMER,NA,ML1,0.075,0.125,0.1,0.07,0.37,0.625,0.571428571,0.482758621,29.133392,-90.145346,20,Soil
S2.23,NNNNNNNN,AAAAAAAA,W,B11,1,23-B11-14823869,ML1-9,7/10/2013,F,SALT,O,July,SUMMER,NA,ML1,5.8,10.3,573.06,2.37,591.53,0.639751553,0.989980306,0.290085679,29.133361,-90.145345,10,Soil
S2.24,NNNNNNNN,AAAAAAAA,X,B12,1,24-B12-14828852,ML1-1,7/10/2013,F,SALT,O,July,SUMMER,NA,ML1,0.075,0.095,0.1,0.05,0.32,0.558823529,0.571428571,0.4,29.133472,-90.145354,40,Soil
S2.25,NNNNNNNN,AAAAAAAA,Y,C1,1,25-C1-14821850,ML1-2,11/20/2013,F,SALT,O,November,FALL,NA,ML1,NA,NA,NA,NA,NA,NA,NA,NA,29.133472,-90.145354,40,Soil
S2.26,NNNNNNNN,AAAAAAAA,Z,C2,1,26-C2-14823870,ML1-6,11/20/2013,F,SALT,O,November,FALL,NA,ML1,NA,NA,NA,NA,NA,NA,NA,NA,29.133392,-90.145346,20,Soil
S2.27,NNNNNNNN,AAAAAAAA,A1,C3,1,27-C3-14823871,ML1-1,11/20/2013,F,SALT,O,November,FALL,NA,ML1,NA,NA,NA,NA,NA,NA,NA,NA,29.133472,-90.145354,40,Soil
S2.28,NNNNNNNN,AAAAAAAA,B1,C4,1,28-C4-14798821,ML1-3,11/20/2013,F,SALT,O,November,FALL,NA,ML1,NA,NA,NA,NA,NA,NA,NA,NA,29.133391,-90.14534,30,Soil
S2.29,NNNNNNNN,AAAAAAAA,C1,C5,1,29-C5-14798822,ML1-8,11/20/2013,F,SALT,O,November,FALL,NA,ML1,0.075,0.095,0.1,0.11,0.38,0.558823529,0.571428571,0.594594595,29.133364,-90.145339,10,Soil
S2.30,NNNNNNNN,AAAAAAAA,D1,C6,1,30-C6-14821851,ML1-4,11/20/2013,F,SALT,O,November,FALL,NA,ML1,NA,NA,NA,NA,NA,NA,NA,NA,29.133391,-90.14534,30,Soil
S2.31,NNNNNNNN,AAAAAAAA,E1,C7,1,31-C7-14798823,ML1-1,1/18/2013,F,SALT,O,January,WINTER,NA,ML1,0.01744186,0.023255814,0.023255814,0.01744186,0.081395349,0.571428571,0.571428571,0.5,29.133472,-90.145354,40,Soil
S2.32,NNNNNNNN,AAAAAAAA,F1,C8,1,32-C8-14828853,BJ 6B,1/19/2013,BJ,SALT,O,January,WINTER,6,B,4.475961538,1.091346154,18.97596154,7.211538462,31.75480769,0.196027634,0.809143091,0.617030029,29.4442,-89.8883,194,Soil
S2.33,NNNNNNNN,AAAAAAAA,G1,C9,1,33-C9-14798824,BJ 3B,6/26/2013,BJ,SALT,O,June,SUMMER,3,B,2.17,0.12,15.64,3.1,21.03,0.052401747,0.878158338,0.588235294,29.44438,-89.88868,157,Soil
S2.34,NNNNNNNN,AAAAAAAA,H1,C10,1,34-C10-14824847,ML1-7,11/20/2013,F,SALT,O,November,FALL,NA,ML1,0.075,0.095,0.1,0.13,0.4,0.558823529,0.571428571,0.634146341,29.133364,-90.145339,10,Soil
S2.35,NNNNNNNN,AAAAAAAA,I1,C11,1,35-C11-14823872,ML1-6,1/18/2013,F,SALT,O,January,WINTER,NA,ML1,0.026785714,0.035714286,0.035714286,0.026785714,0.125,0.571428571,0.571428571,0.5,29.133392,-90.145346,20,Soil
S2.36,NNNNNNNN,AAAAAAAA,J1,C12,1,36-C12-14828854,BJ 4B,6/26/2013,BJ,SALT,O,June,SUMMER,4,B,47.83,21.84,509.76,95.67,675.1,0.313477824,0.914220126,0.666689895,29.44449,-89.88913,112,Soil
S2.37,NNNNNNNN,AAAAAAAA,K1,D1,1,37-D1-14824848,ML2-1,1/18/2013,F,SALT,O,January,WINTER,NA,ML2,0.029069767,0.040697674,0.03875969,0.029069767,0.137596899,0.583333333,0.571428571,0.5,29.13343,-90.145595,40,Soil
S2.38,NNNNNNNN,AAAAAAAA,L1,D2,1,38-D2-14821852,ML1-5,11/20/2013,F,SALT,O,November,FALL,NA,ML1,0.075,0.095,0.1,0.06,0.33,0.558823529,0.571428571,0.444444444,29.133392,-90.145346,20,Soil
S2.39,NNNNNNNN,AAAAAAAA,M1,D3,1,39-D3-14823873,ML1-10,1/18/2013,F,SALT,O,January,WINTER,NA,ML1,0.022727273,0.053030303,0.03030303,0.022727273,0.128787879,0.7,0.571428571,0.5,29.133361,-90.145345,0,Soil
S2.40,NNNNNNNN,AAAAAAAA,N1,D4,1,40-D4-14823875,BJ 5D,1/19/2013,BJ,SALT,O,January,WINTER,5,D,0.035377358,0.075471698,0.068396226,0.035377358,0.214622642,0.680851064,0.659090909,0.5,29.44357,-89.88705,318,Soil
S2.41,NNNNNNNN,AAAAAAAA,O1,D5,1,41-D5-14824849,BJ 5E,1/19/2013,BJ,SALT,O,January,WINTER,5,E,NA,NA,NA,NA,NA,NA,NA,NA,29.44341,-89.88676,364,Soil
S2.42,NNNNNNNN,AAAAAAAA,P1,D6,1,42-D6-14821853,BJ 7A,1/19/2013,BJ,SALT,O,January,WINTER,7,A,0.033185841,0.044247788,0.044247788,0.033185841,0.154867257,0.571428571,0.571428571,0.5,29.44481,-89.89011,1,Soil
S2.43,NNNNNNNN,AAAAAAAA,Q1,D7,1,43-D7-14823876,BJ 7D,1/19/2013,BJ,SALT,O,January,WINTER,7,D,0.028846154,0.044230769,0.067307692,0.028846154,0.169230769,0.605263158,0.7,0.5,29.44391,-89.88769,256,Soil
S2.44,NNNNNNNN,AAAAAAAA,R1,D8,1,44-D8-14823877,BJ 5C,1/19/2013,BJ,SALT,O,January,WINTER,5,C,0.347328244,0.053435115,0.541984733,0.074427481,1.017175573,0.133333333,0.60944206,0.176470588,29.44415,-89.88819,219,Soil
S2.45,NNNNNNNN,AAAAAAAA,S1,D9,1,45-D9-14823878,BJ 5A,6/26/2013,BJ,SALT,O,June,SUMMER,5,A,0.075,0.12,0.1,0.05,0.345,0.615384615,0.571428571,0.4,29.4446,-89.88957,70,Soil
S2.46,NNNNNNNN,AAAAAAAA,T1,D10,1,46-D10-14823879,ML1-9b,1/18/2013,F,SALT,O,January,WINTER,NA,ML1,0.026785714,0.041071429,0.035714286,0.026785714,0.130357143,0.605263158,0.571428571,0.5,29.133361,-90.145345,10,Soil
S2.47,NNNNNNNN,AAAAAAAA,U1,D11,1,47-D11-14823880,BJ 7E,1/19/2013,BJ,SALT,O,January,WINTER,7,E,0.022189349,0.029585799,0.029585799,0.022189349,0.103550296,0.571428571,0.571428571,0.5,29.44334,-89.8867,377,Soil
S2.48,NNNNNNNN,AAAAAAAA,V1,D12,1,48-D12-14821854,ML1-10,11/20/2013,F,SALT,O,November,FALL,NA,ML1,0.075,0.085,0.1,0.06,0.32,0.53125,0.571428571,0.444444444,29.133361,-90.145345,0,Soil
S2.49,NNNNNNNN,AAAAAAAA,W1,E1,1,49-E1-14798825,BJ 6B,6/26/2013,BJ,SALT,O,June,SUMMER,6,B,0.115,0.085,0.585,0.095,0.88,0.425,0.835714286,0.452380952,29.4442,-89.8883,194,Soil
S2.50,NNNNNNNN,AAAAAAAA,X1,E2,1,50-E2-14828855,BJ 4B,1/19/2013,BJ,SALT,O,January,WINTER,4,B,0.030991736,0.041322314,0.041322314,0.030991736,0.144628099,0.571428571,0.571428571,0.5,29.44449,-89.88913,112,Soil
S2.51,NNNNNNNN,AAAAAAAA,Y1,E3,1,51-E3-14828856,MM2,1/18/2013,F,SALT,O,January,WINTER,NA,MM,0.018382353,0.039215686,0.094362745,0.018382353,0.170343137,0.680851064,0.836956522,0.5,29.133351,-90.145388,10,Soil
S2.52,NNNNNNNN,AAAAAAAA,Z1,E4,1,52-E4-14823882,ML2-5,1/18/2013,F,SALT,O,January,WINTER,NA,ML2,0.032838983,0.026483051,0.194915254,0.092161017,0.346398305,0.446428571,0.855813953,0.737288136,29.133379,-90.145524,20,Soil
S2.53,NNNNNNNN,AAAAAAAA,A2,E5,1,53-E5-14828857,ML1-8,1/18/2013,F,SALT,O,January,WINTER,NA,ML1,0.022865854,0.039634146,0.06554878,0.024390244,0.152439024,0.634146341,0.74137931,0.516129032,29.133364,-90.145339,10,Soil
S2.54,NNNNNNNN,AAAAAAAA,B2,E6,1,54-E6-14828858,BJ 6A,6/26/2013,BJ,SALT,O,June,SUMMER,6,A,0.075,0.095,0.1,0.06,0.33,0.558823529,0.571428571,0.444444444,29.4445,-89.8893,92,Soil
S2.55,NNNNNNNN,AAAAAAAA,C2,E7,1,55-E7-14828859,ML1-2,1/18/2013,F,SALT,O,January,WINTER,NA,ML1,0.015822785,0.024261603,0.021097046,0.015822785,0.077004219,0.605263158,0.571428571,0.5,29.133472,-90.145354,40,Soil
S2.56,NNNNNNNN,AAAAAAAA,D2,E8,1,56-combined-14828860,BJ 3C,6/26/2013,BJ,SALT,O,June,SUMMER,3,C,0.075,0.085,0.1,0.06,0.32,0.53125,0.571428571,0.444444444,29.44409,-89.88808,213,Soil
S2.57,NNNNNNNN,AAAAAAAA,E2,E9,1,57-combined-14828861,BJ 7B,6/26/2013,BJ,SALT,O,June,SUMMER,7,B,NA,NA,NA,NA,NA,NA,NA,NA,29.4445,-89.88916,108,Soil
S2.58,NNNNNNNN,AAAAAAAA,F2,E10,1,58-combined-14798826,ML1-5,1/18/2013,F,SALT,O,January,WINTER,NA,ML1,0.021306818,0.045454545,0.028409091,0.021306818,0.116477273,0.680851064,0.571428571,0.5,29.133392,-90.145346,20,Soil
S2.59,NNNNNNNN,AAAAAAAA,G2,E11,1,59-A1-14828862,BJ 5C,6/26/2013,BJ,SALT,O,June,SUMMER,5,C,0.16,0.095,1.25,0.305,1.81,0.37254902,0.886524823,0.655913978,29.44415,-89.88819,219,Soil
S2.60,NNNNNNNN,AAAAAAAA,H2,E12,1,60-A2-14821856,BJ 4C,1/19/2013,BJ,SALT,O,January,WINTER,4,C,0.054140127,0.046178344,0.046178344,0.02388535,0.170382166,0.46031746,0.46031746,0.306122449,29.4444,-89.8888,151,Soil
S2.61,NNNNNNNN,AAAAAAAA,I2,F1,1,61-F1-14823883,BJ 5B,6/26/2013,BJ,SALT,O,June,SUMMER,5,B,0.075,0.095,0.1,0.05,0.32,0.558823529,0.571428571,0.4,29.4444,-89.88888,125,Soil
S2.62,NNNNNNNN,AAAAAAAA,J2,F2,1,62-F2-14823884,ML1-3,1/18/2013,F,SALT,O,January,WINTER,NA,ML1,0.029761905,0.178571429,0.44047619,0.03968254,0.688492063,0.857142857,0.936708861,0.571428571,29.133391,-90.14534,30,Soil
S2.63,NNNNNNNN,AAAAAAAA,K2,F3,1,63-F3-14821857,BJ 5D,6/26/2013,BJ,SALT,O,June,SUMMER,5,D,0.075,0.12,0.64,0.06,0.895,0.615384615,0.895104895,0.444444444,29.44357,-89.88705,318,Soil
S2.64,NNNNNNNN,AAAAAAAA,L2,F4,1,64-F4-14824850,BJ 6C,6/26/2013,BJ,SALT,O,June,SUMMER,6,C,0.075,0.085,0.1,0.05,0.31,0.53125,0.571428571,0.4,29.444,-89.8879,236,Soil
S2.65,NNNNNNNN,AAAAAAAA,M2,F5,1,65-F5-14798827,BJ 5E,6/26/2013,BJ,SALT,O,June,SUMMER,5,E,4.29,0.26,0.755,0.075,5.38,0.057142857,0.149653122,0.017182131,29.44341,-89.88676,364,Soil
S2.66,NNNNNNNN,AAAAAAAA,N2,F6,1,66-F6-14823885,ML2-8,1/18/2013,F,SALT,O,January,WINTER,NA,ML2,0.023148148,0.035493827,0.030864198,0.023148148,0.112654321,0.605263158,0.571428571,0.5,29.133371,-90.145493,10,Soil
S2.67,NNNNNNNN,AAAAAAAA,O2,F7,1,67-F7-14823886,MM3,1/18/2013,F,SALT,O,January,WINTER,NA,MM,0.167266187,0.035971223,0.90647482,0.39028777,1.5,0.17699115,0.844221106,0.7,29.133358,-90.145421,20,Soil
S2.68,NNNNNNNN,AAAAAAAA,P2,F8,1,68-F8-14821858,BJ 3E,1/19/2013,BJ,SALT,O,January,WINTER,3,E,1.859848485,0.053030303,1.278409091,0.479166667,3.670454545,0.027722772,0.407362704,0.2048583,29.44329,-89.88662,388,Soil
S2.69,NNNNNNNN,AAAAAAAA,Q2,F9,1,69-F9-14798828,ML1-7,1/18/2013,F,SALT,O,January,WINTER,NA,ML1,0.028195489,0.062030075,0.184210526,0.069548872,0.343984962,0.6875,0.867256637,0.711538462,29.133364,-90.145339,10,Soil
S2.70,NNNNNNNN,AAAAAAAA,R2,F10,1,70-F10-14824851,BJ 6D,1/19/2013,BJ,SALT,O,January,WINTER,6,D,0.025862069,0.289655172,0.351724138,0.074137931,0.74137931,0.918032787,0.931506849,0.74137931,29.4437,-89.88729,297,Soil
S2.71,NNNNNNNN,AAAAAAAA,S2,F11,1,71-F11-14823888,ML1-9,11/20/2013,F,SALT,O,November,FALL,NA,ML1,NA,NA,NA,NA,NA,NA,NA,NA,29.133361,-90.145345,10,Soil
S2.72,NNNNNNNN,AAAAAAAA,T2,F12,1,72-F12-14821859,ML1-4,1/18/2013,F,SALT,O,January,WINTER,NA,ML1,0.019430052,0.025906736,0.025906736,0.019430052,0.090673575,0.571428571,0.571428571,0.5,29.133391,-90.14534,30,Soil
S2.73,NNNNNNNN,AAAAAAAA,U2,G1,1,73-G1-14798829,BJ 3D,1/19/2013,BJ,SALT,O,January,WINTER,3,D,0.020949721,0.034916201,0.058659218,0.022346369,0.136871508,0.625,0.736842105,0.516129032,29.44383,-89.8875,281,Soil
S2.74,NNNNNNNN,AAAAAAAA,V2,G2,1,74-G2-14824852,BJ 3B,1/19/2013,BJ,SALT,O,January,WINTER,3,B,0.852201258,0.045597484,0.628930818,0.317610063,1.844339623,0.050788091,0.42462845,0.271505376,29.44438,-89.88868,157,Soil
S2.75,NNNNNNNN,AAAAAAAA,W2,G3,1,75-G3-14798830,ML2-10,1/18/2013,F,SALT,O,January,WINTER,NA,ML2,0.035714286,0.047619048,0.047619048,0.047619048,0.178571429,0.571428571,0.571428571,0.571428571,29.133364,-90.145498,0,Soil
S2.76,NNNNNNNN,AAAAAAAA,X2,G4,1,76-combined-14828863,BJ 3C,1/19/2013,BJ,SALT,O,January,WINTER,3,C,0.028195489,0.037593985,0.037593985,0.028195489,0.131578947,0.571428571,0.571428571,0.5,29.44409,-89.88808,213,Soil
S2.77,NNNNNNNN,AAAAAAAA,Z2,G5,1,77-G5-14824853,BJ 4C,6/26/2013,BJ,SALT,O,June,SUMMER,4,C,1.3,0.06,0.085,0.06,1.505,0.044117647,0.061371841,0.044117647,29.4444,-89.8888,151,Soil
S2.78,NNNNNNNN,AAAAAAAA,A3,G6,1,78-G6-14823889,BJ 6E,1/19/2013,BJ,SALT,O,January,WINTER,6,E,0.316091954,0.163793103,0.563218391,0.096264368,1.139367816,0.341317365,0.640522876,0.233449477,29.4435,-89.88689,340,Soil
S2.79,NNNNNNNN,AAAAAAAA,B3,G7,1,79-G7-14828864,BJ 6C,1/19/2013,BJ,SALT,O,January,WINTER,6,C,0.03164557,0.03164557,0.083860759,0.037974684,0.185126582,0.5,0.726027397,0.545454545,29.444,-89.8879,236,Soil
S2.80,NNNNNNNN,AAAAAAAA,C3,G8,1,80-G8-14823891,MM1,1/18/2013,F,SALT,O,January,WINTER,NA,MM,0.023006135,0.038343558,0.030674847,0.023006135,0.115030675,0.625,0.571428571,0.5,29.133341,-90.145361,0,Soil
S2.81,NNNNNNNN,AAAAAAAA,D3,G9,1,81-combined-14823892,ML2-6,1/18/2013,F,SALT,O,January,WINTER,NA,ML2,0.024193548,0.032258065,0.032258065,0.025806452,0.114516129,0.571428571,0.571428571,0.516129032,29.133379,-90.145524,20,Soil
S2.82,NNNNNNNN,AAAAAAAA,E3,G10,1,82-G10-14823893,ML2-3,1/18/2013,F,SALT,O,January,WINTER,NA,ML2,0.060784314,0.058823529,0.224509804,0.109803922,0.453921569,0.491803279,0.786941581,0.643678161,29.13343,-90.145595,30,Soil
S2.83,NNNNNNNN,AAAAAAAA,F3,G11,1,83-G11-14823894,BJ 3A,1/19/2013,BJ,SALT,O,January,WINTER,3,A,0.054054054,0.17027027,0.712162162,0.116216216,1.052702703,0.759036145,0.929453263,0.682539683,29.44453,-89.88934,86,Soil
S2.84,NNNNNNNN,AAAAAAAA,G3,G12,1,84-G12-14821860,BJ 7C,1/19/2013,BJ,SALT,O,January,WINTER,7,C,0.273148148,0.076388889,0.340277778,0.041666667,0.731481481,0.218543046,0.554716981,0.132352941,29.44427,-89.88844,185,Soil
S2.85,NNNNNNNN,AAAAAAAA,H3,H1,1,85-H1-14821861,ML2-2,1/18/2013,F,SALT,O,January,WINTER,NA,ML2,0.027985075,0.057835821,0.059701493,0.059701493,0.205223881,0.673913043,0.680851064,0.680851064,29.13343,-90.145595,40,Soil
S2.86,NNNNNNNN,AAAAAAAA,I3,H2,1,86-H2-14824854,BJ 7B,1/19/2013,BJ,SALT,O,January,WINTER,7,B,0.028195489,0.073308271,0.054511278,0.028195489,0.184210526,0.722222222,0.659090909,0.5,29.4445,-89.88916,108,Soil
S2.87,NNNNNNNN,AAAAAAAA,J3,H3,1,87-H3-14828865,BJ 7C,6/26/2013,BJ,SALT,O,June,SUMMER,7,C,0.075,0.085,0.1,0.05,0.31,0.53125,0.571428571,0.4,29.44427,-89.88844,185,Soil
S2.88,NNNNNNNN,AAAAAAAA,K3,H4,1,88-H4-14798831,BJ 3D,6/26/2013,BJ,SALT,O,June,SUMMER,3,D,0.025337838,0.033783784,0.033783784,0.025337838,0.118243243,0.571428571,0.571428571,0.5,29.44383,-89.8875,281,Soil
S2.89,NNNNNNNN,AAAAAAAA,L3,H5,1,89-H5-14828866,BJ 6D,6/26/2013,BJ,SALT,O,June,SUMMER,6,D,0.027573529,0.038602941,0.213235294,0.03125,0.310661765,0.583333333,0.885496183,0.53125,29.4437,-89.88729,297,Soil
S2.90,NNNNNNNN,AAAAAAAA,M3,H6,1,90-H6-14798832,BJ 7D,6/26/2013,BJ,SALT,O,June,SUMMER,7,D,0.022865854,0.030487805,0.097560976,0.054878049,0.205792683,0.571428571,0.810126582,0.705882353,29.44391,-89.88769,256,Soil
S2.91,NNNNNNNN,AAAAAAAA,N3,H7,1,91-H7-14798833,BJ 3A,6/26/2013,BJ,SALT,O,June,SUMMER,3,A,0.025,0.033333333,0.045,0.025,0.128333333,0.571428571,0.642857143,0.5,29.44453,-89.88934,86,Soil
S2.92,NNNNNNNN,AAAAAAAA,O3,H8,1,92-H8-14798834,ML2-9,1/18/2013,F,SALT,O,January,WINTER,NA,ML2,0.022189349,0.127218935,0.159763314,0.022189349,0.331360947,0.851485149,0.87804878,0.5,29.133371,-90.145493,10,Soil
S2.93,NNNNNNNN,AAAAAAAA,P3,H9,1,93-H9-14798835,BJ 6E,6/26/2013,BJ,SALT,O,June,SUMMER,6,E,0.138297872,0.151595745,0.167553191,0.026595745,0.484042553,0.52293578,0.547826087,0.161290323,29.4435,-89.88689,340,Soil
S2.94,NNNNNNNN,AAAAAAAA,Q3,H10,1,94-H10-14798836,MM4,1/18/2013,F,SALT,O,January,WINTER,NA,MM,1.550359712,0.323741007,10.3057554,3.561151079,15.74100719,0.172744722,0.869235437,0.69669247,29.133354,-90.145454,30,Soil
S2.95,NNNNNNNN,AAAAAAAA,S3,H11,1,95-H11-14798837,BJ 5A,1/19/2013,BJ,SALT,O,January,WINTER,5,A,0.020053476,0.061497326,0.049465241,0.020053476,0.151069519,0.754098361,0.711538462,0.5,29.4446,-89.88957,70,Soil
S2.96,NNNNNNNN,AAAAAAAA,T3,H12,1,96-H12-14798838,ML2-4,1/18/2013,F,SALT,O,January,WINTER,NA,ML2,0.030737705,0.05942623,0.040983607,0.030737705,0.161885246,0.659090909,0.571428571,0.5,29.133382,-90.145518,30,Soil
S2.97,NNNNNNNN,AAAAAAAA,U3,A1,2,97-Final Library-674493-12885877,BJ 3E,6/26/2013,BJ,SALT,O,June,SUMMER,3,E,0.030991736,0.047520661,0.041322314,0.030991736,0.150826446,0.605263158,0.571428571,0.5,29.44329,-89.88662,388,Soil
S2.98,NNNNNNNN,AAAAAAAA,V3,A2,2,98-Final Library-674493-12883877,ML2-7,1/18/2013,F,SALT,O,January,WINTER,NA,ML2,0.023148148,0.038580247,0.032407407,0.023148148,0.117283951,0.625,0.583333333,0.5,29.133371,-90.145493,10,Soil
S2.99,NNNNNNNN,AAAAAAAA,X3,A3,2,99-A3-14798839,BJ 5B,1/19/2013,BJ,SALT,O,January,WINTER,5,B,0.022189349,0.109467456,0.099112426,0.022189349,0.25295858,0.831460674,0.817073171,0.5,29.4444,-89.88888,125,Soil
S2.100,NNNNNNNN,AAAAAAAA,H4,A4,2,100-A4-14824830,ML1-10,8/9/2012,F,SALT,O,August,SUMMER,NA,ML1,0.02388535,0.041401274,0.031847134,0.02388535,0.121019108,0.634146341,0.571428571,0.5,29.133361,-90.145345,0,Soil
S2.101,NNNNNNNN,AAAAAAAA,I4,A5,2,101-A5-14824831,ML1-6,8/9/2012,F,SALT,O,August,SUMMER,NA,ML1,0.028195489,0.069548872,0.071428571,0.041353383,0.210526316,0.711538462,0.716981132,0.594594595,29.133392,-90.145346,20,Soil
S2.102,NNNNNNNN,AAAAAAAA,J4,A6,2,102-A6-14828839,ML1-4,8/9/2012,F,SALT,O,August,SUMMER,NA,ML1,0.012417219,0.016556291,0.016556291,0.012417219,0.05794702,0.571428571,0.571428571,0.5,29.133391,-90.14534,30,Soil
S2.103,NNNNNNNN,AAAAAAAA,K4,A7,2,103-A7-14828840,ML1-5,8/9/2012,F,SALT,O,August,SUMMER,NA,ML1,0.022590361,0.069277108,0.043674699,0.022590361,0.15813253,0.754098361,0.659090909,0.5,29.133392,-90.145346,20,Soil
S2.104,NNNNNNNN,AAAAAAAA,L4,A8,2,104-A8-14824832,ML1-1,8/9/2012,F,SALT,O,August,SUMMER,NA,ML1,0.022189349,0.103550296,0.128698225,0.029585799,0.284023669,0.823529412,0.852941176,0.571428571,29.133472,-90.145354,40,Soil
S2.105,NNNNNNNN,AAAAAAAA,M4,A9,2,105-A9-14824833,ML2-3,8/9/2012,F,SALT,O,August,SUMMER,NA,ML2,0.011645963,0.020186335,0.054347826,0.011645963,0.097826087,0.634146341,0.823529412,0.5,29.133382,-90.145518,30,Soil
S2.106,NNNNNNNN,AAAAAAAA,N4,A10,2,106-A10-14823830,MM3,8/9/2012,F,SALT,O,August,SUMMER,NA,MM,0.463768116,0.101449275,1.996376812,0.777173913,3.338768116,0.179487179,0.811487482,0.626277372,29.133358,-90.145421,20,Soil
S2.107,NNNNNNNN,AAAAAAAA,O4,A11,2,107-A11-14823831,ML2-9,8/9/2012,F,SALT,O,August,SUMMER,NA,ML2,0.016025641,0.021367521,0.045940171,0.016025641,0.099358974,0.571428571,0.74137931,0.5,29.133371,-90.145493,10,Soil
S2.108,NNNNNNNN,AAAAAAAA,P4,A12,2,108-A12-14823832,MM2,8/9/2012,F,SALT,O,August,SUMMER,NA,MM,0.161202186,0.079234973,0.56010929,0.258196721,1.058743169,0.329545455,0.776515152,0.615635179,29.133351,-90.145388,10,Soil
S2.109,NNNNNNNN,AAAAAAAA,Q4,B1,2,109-B1-14823833,ML2-7,8/9/2012,F,SALT,O,August,SUMMER,NA,ML2,0.020380435,0.029891304,0.046195652,0.020380435,0.116847826,0.594594595,0.693877551,0.5,29.133371,-90.145493,10,Soil
S2.110,NNNNNNNN,AAAAAAAA,R4,B2,2,110-B2-14798805,ML2-1,8/9/2012,F,SALT,O,August,SUMMER,NA,ML2,0.047680412,0.079896907,0.283505155,0.117268041,0.528350515,0.626262626,0.856031128,0.7109375,29.13343,-90.145595,40,Soil
S2.111,NNNNNNNN,AAAAAAAA,S4,B3,2,111-B3-14824834,ML1-8,8/9/2012,F,SALT,O,August,SUMMER,NA,ML1,0.034722222,0.053240741,0.076388889,0.034722222,0.199074074,0.605263158,0.6875,0.5,29.133364,-90.145339,10,Soil
S2.112,NNNNNNNN,AAAAAAAA,T4,B4,2,112-B4-14823834,ML1-9,8/9/2012,F,SALT,O,August,SUMMER,NA,ML1,0.022727273,0.03030303,0.048484848,0.027272727,0.128787879,0.571428571,0.680851064,0.545454545,29.133361,-90.145345,10,Soil
S2.113,NNNNNNNN,AAAAAAAA,U4,B5,2,113-B5-14823835,ML1-3,8/9/2012,F,SALT,O,August,SUMMER,NA,ML1,0.013837638,0.037822878,0.051660517,0.013837638,0.117158672,0.732142857,0.788732394,0.5,29.133391,-90.14534,30,Soil
S2.114,NNNNNNNN,AAAAAAAA,X4,B6,2,114-B6-14823836,ML1-7,8/9/2012,F,SALT,O,August,SUMMER,NA,ML1,0.025167785,0.045302013,0.055369128,0.025167785,0.151006711,0.642857143,0.6875,0.5,29.133364,-90.145339,10,Soil
S2.115,NNNNNNNN,AAAAAAAA,A5,B7,2,115-B7-14823837,ML2-5,8/9/2012,F,SALT,O,August,SUMMER,NA,ML2,0.024896266,0.03526971,0.023858921,0.015560166,0.099585062,0.586206897,0.489361702,0.384615385,29.133379,-90.145524,20,Soil
S2.116,NNNNNNNN,AAAAAAAA,B5,B8,2,116-B8-14823838,ML2-2,8/9/2012,F,SALT,O,August,SUMMER,NA,ML2,0.015756303,0.022058824,0.021008403,0.015756303,0.074579832,0.583333333,0.571428571,0.5,29.13343,-90.145595,40,Soil
S2.117,NNNNNNNN,AAAAAAAA,D5,B9,2,117-B9-14823839,ML2-4,8/9/2012,F,SALT,O,August,SUMMER,NA,ML2,0.025862069,0.036206897,0.034482759,0.025862069,0.122413793,0.583333333,0.571428571,0.5,29.133382,-90.145518,30,Soil
S2.118,NNNNNNNN,AAAAAAAA,F5,B10,2,118-B10-14823840,MM1,8/9/2012,F,SALT,O,August,SUMMER,NA,MM,0.039473684,0.052631579,0.055263158,0.039473684,0.186842105,0.571428571,0.583333333,0.5,29.133341,-90.145361,0,Soil
S2.119,NNNNNNNN,AAAAAAAA,G5,B11,2,119-B11-14823841,MM4,8/9/2012,F,SALT,O,August,SUMMER,NA,MM,0.258264463,0.272727273,7.268595041,1.541322314,9.340909091,0.513618677,0.96568762,0.856486797,29.133354,-90.145454,30,Soil
S2.120,NNNNNNNN,AAAAAAAA,H5,B12,2,120-B12-14823843,ML2-6,8/9/2012,F,SALT,O,August,SUMMER,NA,ML2,0.020833333,0.047222222,0.376388889,0.131944444,0.576388889,0.693877551,0.947552448,0.863636364,29.133379,-90.145524,20,Soil
S2.121,NNNNNNNN,AAAAAAAA,K5,C1,2,121-C1-14824835,ML2-10,8/9/2012,F,SALT,O,August,SUMMER,NA,ML2,0.025337838,0.033783784,0.048986486,0.025337838,0.133445946,0.571428571,0.659090909,0.5,29.133364,-90.145498,0,Soil
S2.122,NNNNNNNN,AAAAAAAA,L5,C2,2,122-C2-14823844,ML1-2,8/9/2012,F,SALT,O,August,SUMMER,NA,ML1,0.020380435,0.028532609,0.036684783,0.020380435,0.105978261,0.583333333,0.642857143,0.5,29.133472,-90.145354,40,Soil
S2.123,NNNNNNNN,AAAAAAAA,P5,C3,2,123-C3-14823845,ML2-8,8/9/2012,F,SALT,O,August,SUMMER,NA,ML2,0.032894737,0.043859649,0.140350877,0.032894737,0.25,0.571428571,0.810126582,0.5,29.133371,-90.145493,10,Soil
S2.127,NNNNNNNN,AAAAAAAA,B6,C7,2,127-C7-14823849,ML2-10,12/3/2013,F,SALT,O,December,FALL,NA,ML2,2.858585859,0.23989899,2.171717172,1.037878788,6.308080808,0.077424613,0.431726908,0.266364226,29.133364,-90.145498,0,Soil
S2.128,NNNNNNNN,AAAAAAAA,C6,C8,2,128-C8-14823850,ML2-1,12/3/2013,F,SALT,O,December,FALL,NA,ML2,0.044117647,0.058823529,0.085294118,0.044117647,0.232352941,0.571428571,0.659090909,0.5,29.13343,-90.145595,40,Soil
S2.129,NNNNNNNN,AAAAAAAA,D6,C9,2,129-C9-14823851,ML2-7,12/3/2013,F,SALT,O,December,FALL,NA,ML2,0.075,0.085,0.1,0.06,0.32,0.53125,0.571428571,0.444444444,29.133371,-90.145493,10,Soil
S2.130,NNNNNNNN,AAAAAAAA,E6,C10,2,130-C10-14823853,MM2,12/3/2013,F,SALT,O,December,FALL,NA,MM,0.035046729,0.046728972,0.275700935,0.035046729,0.392523364,0.571428571,0.887218045,0.5,29.133351,-90.145388,10,Soil
S2.131,NNNNNNNN,AAAAAAAA,F6,C11,2,131-C11-14823854,ML2-6,12/3/2013,F,SALT,O,December,FALL,NA,ML2,0.032894737,0.085526316,0.098684211,0.043859649,0.260964912,0.722222222,0.75,0.571428571,29.133379,-90.145524,20,Soil
S2.132,NNNNNNNN,AAAAAAAA,G6,C12,2,132-C12-14823855,MM4,12/3/2013,F,SALT,O,December,FALL,NA,MM,4.019417476,0.060679612,2.63592233,1.347087379,8.063106796,0.0148721,0.396061269,0.251017639,29.133354,-90.145454,30,Soil
S2.133,NNNNNNNN,AAAAAAAA,H6,D1,2,133-combined-14823856,MM1,12/3/2013,F,SALT,O,December,FALL,NA,MM,0.050675676,0.077702703,0.084459459,0.050675676,0.263513514,0.605263158,0.625,0.5,29.133341,-90.145361,0,Soil
S2.134,NNNNNNNN,AAAAAAAA,I6,D2,2,134-D2-14823857,ML2-5,12/3/2013,F,SALT,O,December,FALL,NA,ML2,0.023148148,0.030864198,0.171296296,0.023148148,0.24845679,0.571428571,0.880952381,0.5,29.133379,-90.145524,20,Soil
S2.135,NNNNNNNN,AAAAAAAA,J6,D3,2,135-D3-14823858,ML2-2,12/3/2013,F,SALT,O,December,FALL,NA,ML2,0.021802326,0.029069767,0.036337209,0.021802326,0.109011628,0.571428571,0.625,0.5,29.13343,-90.145595,40,Soil
S2.136,NNNNNNNN,AAAAAAAA,K6,D4,2,136-D4-14823859,ML2-8,12/3/2013,F,SALT,O,December,FALL,NA,ML2,0.024834437,0.034768212,0.054635762,0.036423841,0.150662252,0.583333333,0.6875,0.594594595,29.133371,-90.145493,10,Soil
S2.137,NNNNNNNN,AAAAAAAA,L6,D5,2,137-combined-14828841,MM3,12/3/2013,F,SALT,O,December,FALL,NA,MM,0.869458128,0.033251232,5.21182266,2.002463054,8.116995074,0.036834925,0.857027136,0.697255575,29.133358,-90.145421,20,Soil
S2.138,NNNNNNNN,AAAAAAAA,M6,D6,2,138-D6-14828842,ML2-4,12/3/2013,F,SALT,O,December,FALL,NA,ML2,0.014822134,0.02173913,0.029644269,0.014822134,0.081027668,0.594594595,0.666666667,0.5,29.133382,-90.145518,30,Soil
S2.139,NNNNNNNN,AAAAAAAA,N6,D7,2,139-D7-14823860,ML2-3,12/3/2013,F,SALT,O,December,FALL,NA,ML2,0.045180723,0.060240964,0.081325301,0.045180723,0.231927711,0.571428571,0.642857143,0.5,29.133382,-90.145518,30,Soil
S2.140,NNNNNNNN,AAAAAAAA,O6,D8,2,140-D8-14823862,ML2-9,12/3/2013,F,SALT,O,December,FALL,NA,ML2,0.057098765,0.097222222,0.165123457,0.080246914,0.399691358,0.63,0.743055556,0.584269663,29.133371,-90.145493,10,Soil
S2.141,NNNNNNNN,AAAAAAAA,P6,D9,2,141-D9-14823863,BJ 5E,11/15/2013,BJ,SALT,O,November,FALL,5,E,0.063559322,0.088983051,0.139830508,0.063559322,0.355932203,0.583333333,0.6875,0.5,29.44341,-89.88676,364,Soil
S2.142,NNNNNNNN,AAAAAAAA,Q6,D10,2,142-D10-14823864,BJ 6E,11/15/2013,BJ,SALT,O,November,FALL,6,E,0.036764706,0.056372549,0.355392157,0.058823529,0.507352941,0.605263158,0.90625,0.615384615,29.4435,-89.88689,340,Soil
S2.143,NNNNNNNN,AAAAAAAA,R6,D11,2,143-D11-14823865,BJ 5D,11/15/2013,BJ,SALT,O,November,FALL,5,D,74.08108108,1.297297297,34.89189189,8.594594595,118.8648649,0.01721047,0.320188492,0.103955541,29.44357,-89.88705,318,Soil
S2.144,NNNNNNNN,AAAAAAAA,S6,D12,2,144-D12-14828843,BJ 3D,11/15/2013,BJ,SALT,O,November,FALL,3,D,0.048701299,0.094155844,0.25,0.051948052,0.444805195,0.659090909,0.836956522,0.516129032,29.44383,-89.8875,281,Soil
S2.145,NNNNNNNN,AAAAAAAA,V6,E1,2,145-E1-14798806,BJ 6D,11/15/2013,BJ,SALT,O,November,FALL,6,D,3.368421053,0.289473684,6.561403509,3.201754386,13.42105263,0.079136691,0.660777385,0.487316422,29.4437,-89.88729,297,Soil
S2.146,NNNNNNNN,AAAAAAAA,W6,E2,2,146-E2-14828844,BJ 3E,11/15/2013,BJ,SALT,O,November,FALL,3,E,0.8,0.093333333,0.603333333,0.06,1.556666667,0.104477612,0.429928741,0.069767442,29.44329,-89.88662,388,Soil
